Auftragsnummer,Anzahl KavitÃ¤ten,KavitÃ¤tenform,Schieberanzahl,Kanaltyp,Kosten
0,32,B,32,Kaltkanal,50833.846366799655
1,48,C,96,Heisskanal,64748.897049248095
2,32,B,32,Kaltkanal,46662.41310586343
3,4,D,4,Kaltkanal,47611.27530732735
4,32,D,,Heisskanal,60371.69778992969
5,8,B,32,Heisskanal,56661.76490563461
6,16,B,48,Kaltkanal,53237.18497879147
7,4,C,0,Kaltkanal,39298.393440960695
8,8,B,32,Heisskanal,53764.298341793925
9,48,C,96,Kaltkanal,55357.522316799594
10,8,A,8,Kaltkanal,43789.8619474437
11,8,A,0,Kaltkanal,39359.72495834756
12,8,A,8,Kaltkanal,39708.36612977739
13,32,B,48,Heisskanal,57440.922992666565
14,,B,96,Kaltkanal,56945.50370437745
15,48,B,96,Heisskanal,57604.364148990644
16,32,A,,Kaltkanal,49985.97932315482
17,48,A,96,Heisskanal,60447.06862011718
18,16,A,16,Kaltkanal,45472.820262078065
19,16,B,32,Kaltkanal,48696.89904589004
20,32,,48,Kaltkanal,55064.1654263316
21,8,A,16,Heisskanal,47760.85903639957
22,16,C,,Kaltkanal,55407.888375179464
23,32,D,48,Heisskanal,66108.47158556542
24,4,A,4,,41435.43021915015
25,4,C,16,Kaltkanal,51444.5843194472
26,8,A,16,Kaltkanal,45581.33064792912
27,16,A,16,Heisskanal,52185.28551780408
28,48,C,48,Heisskanal,60567.933938722184
29,32,D,48,Kaltkanal,57975.20387410346
30,16,B,48,Heisskanal,55886.419364856716
31,32,D,48,Heisskanal,61273.983657194134
32,32,D,48,Kaltkanal,60670.552923010495
33,16,B,32,Heisskanal,56086.24066199282
34,4,D,4,Kaltkanal,51215.798558169234
35,4,B,4,Heisskanal,47730.41589670166
36,8,D,8,Kaltkanal,44852.91866579192
37,32,B,0,Heisskanal,50627.28200927887
38,32,B,48,Kaltkanal,53372.770975489315
39,8,D,32,Heisskanal,65009.75690439104
40,8,A,0,Kaltkanal,40876.07036525669
41,16,B,48,Kaltkanal,50371.417667894515
42,8,C,8,Kaltkanal,46183.77075826597
43,,,0,Kaltkanal,44913.04979009377
44,4,D,4,Heisskanal,51230.561448076725
45,8,D,0,Heisskanal,53397.89566883192
46,32,D,32,Kaltkanal,54961.128390629194
47,48,D,0,Heisskanal,59157.66147891248
48,4,A,8,Heisskanal,46877.97737057101
49,8,D,8,Heisskanal,55273.769611077456
50,32,C,32,Heisskanal,54060.881400310915
51,4,C,4,Heisskanal,46524.351934716375
52,8,D,0,Heisskanal,51481.3080401103
53,16,C,16,Heisskanal,53320.540223219556
54,4,D,16,Heisskanal,54186.593091576455
55,32,A,0,Heisskanal,46402.36926274527
56,48,B,0,Heisskanal,52533.91677015848
57,16,D,16,Heisskanal,55739.67005859926
58,4,D,8,Heisskanal,54286.50354146179
59,8,D,0,Heisskanal,53766.640281920874
60,4,B,8,Kaltkanal,44566.122518632874
61,48,B,0,Kaltkanal,48373.67097848805
62,32,B,0,Heisskanal,50863.159255501996
63,16,C,16,Kaltkanal,47128.422814376376
64,48,D,0,Heisskanal,58510.13288391258
65,,C,32,,50773.747110045704
66,32,A,48,,55343.114815557376
67,32,B,48,Kaltkanal,51842.55814158777
68,48,C,0,Heisskanal,55671.180468203136
69,8,B,0,Kaltkanal,42700.33735222989
70,32,A,32,Kaltkanal,47390.65317971249
71,32,C,0,,52351.725612287875
72,8,C,0,Heisskanal,49698.8325872845
73,32,,32,Heisskanal,63593.28078763348
74,8,A,,Kaltkanal,40640.25567112304
75,16,A,,Kaltkanal,46915.870326187505
76,8,C,0,Heisskanal,46169.19228017122
77,48,B,96,Heisskanal,61403.28735643474
78,8,B,8,Heisskanal,46319.53206742628
79,4,A,0,Heisskanal,41773.48609460119
80,8,B,0,Kaltkanal,40124.223669608444
81,8,A,32,Heisskanal,54634.282168063466
82,32,C,32,Kaltkanal,49969.82010137217
83,48,C,0,Kaltkanal,55425.19107993848
84,32,A,48,Kaltkanal,53535.29303324368
85,32,D,32,Heisskanal,61335.82958683807
86,48,B,48,Kaltkanal,55242.40830287457
87,48,B,0,Kaltkanal,49353.52733823756
88,32,A,48,Heisskanal,54915.568493289364
89,32,A,48,Kaltkanal,51978.49540065571
90,,D,0,,45357.65916023384
91,48,B,0,Kaltkanal,44517.30609911454
92,48,C,96,Heisskanal,65690.6000824055
93,32,A,0,Heisskanal,50073.36515037201
94,16,D,0,Heisskanal,53391.5234215473
95,48,B,0,Heisskanal,50811.68038613146
96,16,C,0,Kaltkanal,42810.4505996595
97,32,D,32,Kaltkanal,53077.16857858992
98,4,,4,Heisskanal,48623.9242222898
99,4,B,0,Heisskanal,42440.669896624444
100,32,D,48,Kaltkanal,60017.487045825656
101,48,C,48,Heisskanal,59776.41399354038
102,48,C,48,Heisskanal,61092.896885271555
103,32,C,,Heisskanal,63448.19463513218
104,8,C,8,Kaltkanal,50436.095204979196
105,8,C,16,Heisskanal,55996.27239475948
106,8,B,8,Heisskanal,48004.77572448516
107,48,D,0,Heisskanal,64576.5338140444
108,16,D,48,Heisskanal,60623.3475107202
109,4,B,0,Kaltkanal,37367.20409197131
110,4,C,0,Kaltkanal,39561.76574065669
111,,C,96,Heisskanal,63072.8812453181
112,32,A,0,Kaltkanal,42102.90557402061
113,32,B,0,Kaltkanal,44498.105990537675
114,32,A,48,Kaltkanal,52614.63402348463
115,8,A,16,Heisskanal,46255.87426554203
116,32,B,48,Heisskanal,59610.7169221868
117,8,B,0,Heisskanal,46540.19379763707
118,8,D,0,Heisskanal,52208.48516620464
119,16,D,16,,52646.08261528546
120,16,B,0,Heisskanal,51114.606626824614
121,4,,4,Kaltkanal,42027.12727537699
122,4,,16,Kaltkanal,56817.12433897298
123,48,A,0,Heisskanal,51600.15634181167
124,8,C,0,Heisskanal,51642.396546378266
125,8,C,8,Heisskanal,50227.24159376188
126,4,A,16,Heisskanal,50817.186439551886
127,48,A,48,Heisskanal,54624.20942873477
128,16,C,0,Kaltkanal,45147.98944190631
129,4,B,16,Kaltkanal,44330.63980998818
130,16,,16,Kaltkanal,39445.00029806845
131,48,B,48,Kaltkanal,50378.396247564226
132,32,D,48,Heisskanal,62368.839935199605
133,32,A,48,Heisskanal,59418.53088463655
134,8,D,32,Heisskanal,56946.15123037064
135,32,B,32,Heisskanal,54382.72456770732
136,8,D,8,Heisskanal,54744.4087520787
137,32,B,32,Heisskanal,51236.91971626485
138,16,B,48,Kaltkanal,52660.053136009905
139,32,C,48,Kaltkanal,54803.6618358648
140,4,D,8,Kaltkanal,46589.61209666323
141,4,C,8,Heisskanal,51584.580424855594
142,32,B,48,Kaltkanal,54549.770879619624
143,4,C,8,Heisskanal,53320.84460946072
144,4,C,,Heisskanal,51615.35649510026
145,4,B,,Heisskanal,44807.5883889254
146,48,D,0,Heisskanal,58130.04709315111
147,48,D,96,Kaltkanal,61158.98895596819
148,16,A,0,Kaltkanal,39193.75621969803
149,4,C,16,,51855.33366644078
150,16,B,48,,60288.75943350257
151,4,B,8,Heisskanal,48130.12559646934
152,32,D,0,,50901.02210210325
153,48,C,0,Heisskanal,56250.28026406581
154,4,B,16,Heisskanal,50680.63176065038
155,4,D,8,Heisskanal,57847.35299200899
156,16,A,0,Kaltkanal,43561.91093435429
157,16,B,0,Heisskanal,51622.30424581045
158,16,D,16,,54016.155804210226
159,32,,32,,62156.89413564984
160,16,A,0,Kaltkanal,43850.03620691951
161,16,B,48,Kaltkanal,50926.130405819036
162,32,B,48,Heisskanal,61026.8988869302
163,,D,8,Kaltkanal,52181.05578799091
164,16,A,48,Heisskanal,54759.418024682935
165,8,D,0,Kaltkanal,47569.02281618838
166,16,B,0,Heisskanal,53545.12054943123
167,48,A,0,Kaltkanal,43543.75216602718
168,8,C,16,Kaltkanal,45835.342895533766
169,4,D,0,Kaltkanal,41039.12210143519
170,32,B,48,Heisskanal,57382.45660976647
171,4,,8,Heisskanal,46707.708345841405
172,16,A,,Heisskanal,44234.31285060266
173,32,A,32,Kaltkanal,49875.856825629395
174,16,A,16,Heisskanal,46296.25723439465
175,48,B,96,Kaltkanal,59021.98725762477
176,4,B,0,Kaltkanal,36525.47997899051
177,4,C,16,Kaltkanal,50915.489498677445
178,32,B,0,Kaltkanal,44516.79227705482
179,16,C,0,Heisskanal,53274.822650712886
180,48,A,96,Kaltkanal,52581.75890677936
181,8,A,16,Kaltkanal,47260.745739115664
182,8,A,16,Kaltkanal,42604.82002550254
183,32,C,32,Kaltkanal,55234.5000073492
184,48,B,48,Heisskanal,56298.98622189264
185,8,B,32,Kaltkanal,49726.97384139995
186,8,,32,Heisskanal,59106.32279234732
187,48,C,48,Heisskanal,57890.59957611741
188,48,A,48,Kaltkanal,50962.87431799059
189,32,D,48,Heisskanal,66711.03934845742
190,16,C,16,Kaltkanal,46945.92395452201
191,48,D,0,Kaltkanal,56068.50507095692
192,,A,32,Kaltkanal,47405.54239409595
193,48,A,0,Kaltkanal,46089.8452659052
194,32,C,48,Heisskanal,63895.25372000094
195,32,C,0,Kaltkanal,48661.38202231181
196,8,B,8,Kaltkanal,42811.47457606161
197,4,A,16,Kaltkanal,41110.35926944669
198,4,A,16,Heisskanal,52042.04053298512
199,16,C,0,Heisskanal,49096.09179897419
200,4,C,8,,48566.98782737183
201,4,D,16,Heisskanal,53956.75941749211
202,4,B,0,Kaltkanal,41444.58542582009
203,32,C,0,Kaltkanal,48812.44998186588
204,,C,32,Kaltkanal,50161.90540154814
205,48,A,0,Kaltkanal,46045.46589050512
206,16,C,32,Heisskanal,56827.29701546006
207,32,C,32,Heisskanal,57459.68534971117
208,8,D,,Heisskanal,60708.16425667262
209,16,,32,Heisskanal,59324.82439872448
210,4,C,4,Heisskanal,49402.19907935734
211,4,D,16,Kaltkanal,53671.608929482674
212,8,B,8,Kaltkanal,47217.74992302085
213,32,B,0,Kaltkanal,43809.76916854332
214,32,D,0,,53707.79466318975
215,32,D,0,Heisskanal,58208.11350282946
216,4,A,16,Heisskanal,49946.32113176914
217,,D,32,Heisskanal,62249.279884086616
218,8,D,0,Heisskanal,52788.380438169945
219,16,C,32,Kaltkanal,54155.18409326378
220,32,B,32,Heisskanal,53791.794201071294
221,16,C,32,Kaltkanal,49076.19994553199
222,48,C,0,Kaltkanal,49229.253006151936
223,32,B,,Kaltkanal,51091.104338776684
224,48,,48,Kaltkanal,55861.32872299627
225,8,D,16,Kaltkanal,54301.58541350555
226,48,C,96,Heisskanal,63743.500960708996
227,32,D,,Heisskanal,63328.00129572071
228,8,A,16,Kaltkanal,44277.98351436562
229,16,D,48,Heisskanal,62116.01775804553
230,4,B,4,Heisskanal,49920.49306245928
231,32,A,0,Kaltkanal,43324.74741732243
232,8,A,,Heisskanal,51300.278023027546
233,8,C,16,Heisskanal,57172.76718984849
234,48,B,48,Kaltkanal,51646.55700762784
235,32,B,32,Kaltkanal,45326.407814633574
236,48,C,48,Heisskanal,60190.944339852445
237,32,,48,Heisskanal,61583.68589033183
238,48,A,48,Heisskanal,58812.6132143847
239,48,C,0,Heisskanal,53295.03508352269
240,8,D,8,Kaltkanal,52188.34018048252
241,48,A,96,,53094.278187727265
242,16,C,48,,53888.763591087234
243,48,C,96,Kaltkanal,62100.16671327765
244,48,A,96,Kaltkanal,55452.466337794904
245,8,B,0,Heisskanal,45528.72236424897
246,16,A,16,Heisskanal,50084.071704743765
247,32,A,48,Heisskanal,54513.17473988702
248,4,A,8,Heisskanal,47570.90360603336
249,4,A,0,Kaltkanal,35479.66324401315
250,8,D,8,Heisskanal,52627.23406342356
251,16,C,48,Kaltkanal,52541.634447424934
252,8,A,8,Heisskanal,45259.350453899744
253,,D,0,Kaltkanal,53252.39520485123
254,32,D,48,Heisskanal,59673.31082769778
255,32,B,0,Kaltkanal,49580.6588204946
256,48,A,48,Heisskanal,53246.079343163816
257,32,A,0,Kaltkanal,40520.63911728692
258,48,D,96,Kaltkanal,57217.14912666897
259,8,B,,Heisskanal,49630.359649924736
260,16,D,0,Heisskanal,54128.907229200944
261,4,D,4,Heisskanal,49957.87024623235
262,16,D,32,Heisskanal,55208.21596927858
263,32,B,0,Kaltkanal,48376.2015124156
264,8,B,32,,47408.451133744675
265,,A,0,Kaltkanal,40406.456239983185
266,48,C,48,Heisskanal,57862.4808921697
267,48,D,48,Kaltkanal,62561.93339261452
268,48,C,96,Kaltkanal,60546.78389242343
269,48,D,0,Heisskanal,56722.713456763115
270,,C,0,Heisskanal,46360.037190745454
271,48,A,0,Heisskanal,52756.80975331411
272,16,,32,Kaltkanal,57566.40449186893
273,,D,,Heisskanal,60498.59921801947
274,4,A,8,Heisskanal,48164.194787661545
275,32,B,32,Kaltkanal,49356.17451689169
276,8,A,0,Heisskanal,43208.07118728981
277,48,A,0,Kaltkanal,43026.085793305894
278,16,A,0,Kaltkanal,43339.03173195296
279,8,C,8,Kaltkanal,49117.73230372142
280,4,A,16,Heisskanal,50888.18913891612
281,32,A,32,Kaltkanal,47358.871310453265
282,8,D,0,Heisskanal,50689.26563671135
283,8,B,32,Heisskanal,52680.23991377581
284,32,,0,Kaltkanal,46122.784271745055
285,4,A,0,,35376.42619695699
286,48,D,0,Kaltkanal,58356.8068984385
287,8,C,32,Kaltkanal,53346.16673798404
288,32,C,0,Heisskanal,51130.39892145385
289,4,C,4,Kaltkanal,43890.904664493566
290,8,A,8,Heisskanal,51267.05363029245
291,32,D,48,Heisskanal,68940.61014403371
292,48,A,0,Heisskanal,53940.76874862733
293,16,D,0,Kaltkanal,48769.27804675475
294,32,,0,Kaltkanal,46599.7665230312
295,,C,8,Heisskanal,52991.17548420347
296,48,C,0,Heisskanal,53759.70308498271
297,32,D,48,Kaltkanal,58818.01733436191
298,8,C,0,Heisskanal,48981.039906319296
299,4,,16,Kaltkanal,47498.710365349136
300,32,A,32,Heisskanal,53491.66763503774
301,32,C,32,Heisskanal,57207.369776836305
302,4,D,16,Kaltkanal,51633.63591276706
303,4,A,,Heisskanal,40852.41698417846
304,16,B,32,Kaltkanal,48793.15102856784
305,16,B,32,Heisskanal,57782.784944029
306,32,B,48,Heisskanal,58313.59841244566
307,16,D,48,Heisskanal,62735.00977684933
308,16,D,16,Kaltkanal,54688.35563618349
309,16,C,0,Heisskanal,53781.51083424111
310,16,B,48,Heisskanal,57733.163973238145
311,32,B,0,Kaltkanal,49110.03714493041
312,,D,48,Kaltkanal,62378.368725318476
313,48,D,96,Kaltkanal,59737.20604014068
314,32,D,32,Heisskanal,58279.50998471119
315,4,D,8,Heisskanal,53872.57967968596
316,32,A,32,Kaltkanal,45616.36978358327
317,16,C,16,Kaltkanal,47873.201240110895
318,,A,32,Heisskanal,53415.063491778186
319,48,A,48,Kaltkanal,46867.415908712544
320,16,,0,Heisskanal,56800.785037541704
321,4,C,4,Heisskanal,48812.17224914074
322,4,A,4,Heisskanal,46174.65451795663
323,16,D,16,Heisskanal,53220.122128831914
324,4,D,16,Kaltkanal,53206.4077639894
325,48,B,0,Heisskanal,53585.586129853575
326,8,D,8,Kaltkanal,49026.35330136298
327,48,,48,Kaltkanal,51525.727002827116
328,48,D,96,Kaltkanal,59850.86829524561
329,8,,8,Heisskanal,51884.10541126096
330,4,B,,Kaltkanal,47912.341424040496
331,48,A,96,Kaltkanal,49144.61861986802
332,8,C,16,Heisskanal,56051.573354231004
333,32,C,48,Heisskanal,64816.07583969599
334,16,B,0,Heisskanal,46786.65981549458
335,16,A,48,Kaltkanal,50233.28320235167
336,48,D,,Heisskanal,63480.8660016747
337,48,,0,Kaltkanal,55394.62638036948
338,4,A,0,Kaltkanal,37214.649441257236
339,4,B,8,Heisskanal,50663.98480537745
340,32,A,48,Heisskanal,56099.961622161994
341,16,A,32,Heisskanal,50862.60829502778
342,8,C,32,Heisskanal,59117.82026921779
343,32,A,0,Kaltkanal,42784.54634839526
344,32,A,0,Kaltkanal,41234.133019908564
345,32,D,32,Heisskanal,62468.94176356682
346,16,B,16,Kaltkanal,46470.38108255832
347,4,D,0,Kaltkanal,41564.62639735
348,4,C,8,Kaltkanal,46137.100253203665
349,48,B,0,Kaltkanal,50226.48985073547
350,16,A,0,Heisskanal,45325.74142115633
351,16,D,0,Heisskanal,60317.87973090519
352,16,C,0,Heisskanal,49959.130861060316
353,48,D,48,Heisskanal,62244.355295792986
354,4,B,0,Heisskanal,44640.54371658598
355,48,B,0,Kaltkanal,47137.95528068939
356,4,A,16,Kaltkanal,44510.00822080146
357,32,B,32,Kaltkanal,49248.73202562802
358,32,D,48,Heisskanal,64525.37774052326
359,4,D,16,Kaltkanal,49412.60654079617
360,48,D,96,Heisskanal,67437.95165639382
361,4,D,4,Kaltkanal,49063.15785317926
362,32,C,0,Heisskanal,53739.01719883338
363,48,D,96,,69881.77475901105
364,4,D,16,Heisskanal,55553.14197590629
365,16,C,32,Heisskanal,55602.12385050593
366,32,C,32,Heisskanal,57868.74258256768
367,48,A,0,Heisskanal,52344.730620799695
368,48,B,48,Heisskanal,57576.15246759048
369,32,C,0,Kaltkanal,46851.13652556008
370,4,A,16,Heisskanal,53333.224122195155
371,4,D,4,Heisskanal,53212.266127804716
372,4,C,16,Kaltkanal,48377.03291525708
373,8,D,8,Heisskanal,55285.834026734265
374,48,C,48,Heisskanal,59682.677166057445
375,8,B,0,Kaltkanal,42520.22327663887
376,,B,0,Kaltkanal,46617.039090560946
377,48,D,,Heisskanal,60683.10450682715
378,32,C,32,Kaltkanal,50627.62975648651
379,48,A,96,Heisskanal,63298.60925821115
380,8,D,32,Kaltkanal,50331.696782440995
381,4,B,16,Kaltkanal,45505.31940636163
382,,A,4,Kaltkanal,37862.135450684575
383,4,C,4,Heisskanal,50582.31508430854
384,,A,0,Kaltkanal,40689.77279824856
385,16,B,16,Kaltkanal,44674.73238413333
386,4,A,4,Heisskanal,43813.320854641854
387,16,A,16,Heisskanal,51632.37316668016
388,8,B,32,Heisskanal,56197.15756577439
389,16,,48,Kaltkanal,49041.551588405135
390,48,A,0,Heisskanal,51537.849169927504
391,16,D,32,Kaltkanal,54056.53454913906
392,32,A,48,Kaltkanal,50523.633070340395
393,48,C,48,Kaltkanal,53468.333130144325
394,8,A,0,Heisskanal,41246.02356362223
395,48,D,96,Heisskanal,63990.0948680192
396,16,B,16,Kaltkanal,42775.043178203734
397,,D,8,Heisskanal,52747.31488010302
398,4,C,0,Kaltkanal,44397.42636403164
399,16,A,0,Kaltkanal,43390.26012413196
400,16,C,48,Heisskanal,59035.70070702623
401,4,A,4,Kaltkanal,40052.37258211978
402,32,C,48,Kaltkanal,54998.56716614476
403,8,C,0,Kaltkanal,45654.8577791645
404,16,A,16,,42174.31726206451
405,4,C,16,Kaltkanal,47922.31269126005
406,16,A,0,Kaltkanal,38071.399271981034
407,32,A,48,Heisskanal,58385.463255440714
408,32,B,,Kaltkanal,55724.82018681016
409,8,A,8,Kaltkanal,45478.892942144186
410,32,C,32,Kaltkanal,53230.170917293544
411,16,B,48,Kaltkanal,51391.563361737455
412,8,B,32,Heisskanal,58590.08638683539
413,16,B,16,Kaltkanal,45995.68206595135
414,16,D,48,,59814.777660764536
415,,C,96,Kaltkanal,58302.141005723926
416,16,,,Kaltkanal,42366.53150251311
417,4,A,4,Heisskanal,41204.20629596383
418,8,A,16,Heisskanal,49376.05744658287
419,16,D,48,Heisskanal,61946.12624474649
420,4,D,16,Heisskanal,61002.80237675569
421,8,D,16,Kaltkanal,52517.7502650378
422,48,A,48,Kaltkanal,49108.391438209175
423,32,B,32,Kaltkanal,48992.48887740536
424,4,D,4,Kaltkanal,47948.25058695051
425,4,A,4,Kaltkanal,37476.37402109848
426,4,B,0,Kaltkanal,36108.511637973425
427,32,A,48,Heisskanal,58402.39293207195
428,48,D,96,Kaltkanal,61205.64780961876
429,16,A,0,Kaltkanal,40802.12616636617
430,8,B,0,Heisskanal,45499.78502920693
431,48,B,96,Heisskanal,58918.625312257274
432,,B,32,Kaltkanal,50210.53076113732
433,32,A,0,Kaltkanal,45601.31084769365
434,16,A,48,Heisskanal,53576.061574061016
435,16,C,16,Heisskanal,54139.99952039537
436,32,A,48,Heisskanal,57756.92964000917
437,8,C,16,Heisskanal,52637.539456925806
438,,A,0,Heisskanal,49211.762109147516
439,8,C,,Kaltkanal,55584.072579880165
440,32,B,32,Heisskanal,56715.08184190521
441,16,D,32,Heisskanal,60775.154909120494
442,4,C,16,Kaltkanal,48441.65140059091
443,4,D,8,Heisskanal,56437.7461496787
444,4,C,0,Kaltkanal,40257.17480650396
445,8,B,16,Kaltkanal,46917.035339196984
446,48,B,48,Heisskanal,60022.47740287504
447,4,D,16,Heisskanal,56948.45020747995
448,8,D,32,Kaltkanal,57317.957798897405
449,16,C,48,Heisskanal,62046.770693696344
450,32,B,48,Kaltkanal,52437.05174837884
451,48,,48,Heisskanal,56490.68737526032
452,8,A,8,Heisskanal,45238.48155558217
453,8,C,0,Kaltkanal,40628.30530418329
454,,A,0,Kaltkanal,46020.756617806364
455,4,C,4,Kaltkanal,43338.75251590638
456,16,B,48,Heisskanal,55153.37642302261
457,48,A,,Kaltkanal,47445.26627845921
458,4,C,8,Heisskanal,52831.1937396954
459,,B,16,Heisskanal,52504.06831649105
460,16,C,48,Heisskanal,60560.52436786263
461,16,D,16,Kaltkanal,50258.02235821348
462,48,D,48,Kaltkanal,60808.900245134166
463,32,C,48,Kaltkanal,55433.164581939534
464,32,D,,Heisskanal,67833.5075805051
465,4,,4,Kaltkanal,38351.907926326574
466,16,B,0,Heisskanal,47353.975396611626
467,16,A,16,Heisskanal,50837.43946300095
468,32,C,48,Kaltkanal,58642.41659413979
469,8,A,32,Kaltkanal,44287.21084819274
470,48,C,48,Heisskanal,63086.07341295065
471,8,C,0,Heisskanal,51808.41973553251
472,16,B,48,Kaltkanal,51996.93437154212
473,48,C,48,Heisskanal,61831.98686122485
474,32,D,48,Heisskanal,70411.27658476203
475,48,C,,Heisskanal,58163.95318723057
476,8,,8,Kaltkanal,45701.39809826016
477,8,B,8,Heisskanal,50828.467920931
478,,B,8,Heisskanal,45992.19387382806
479,16,D,16,Heisskanal,57773.216453490895
480,48,B,96,Kaltkanal,54820.96615785347
481,4,,16,Heisskanal,53812.765020824765
482,32,B,32,Heisskanal,57120.40851196938
483,16,A,0,Heisskanal,48580.05653055391
484,48,B,96,Heisskanal,62470.10242124437
485,8,A,16,Kaltkanal,44437.44739465621
486,8,B,32,Heisskanal,52305.00877200848
487,,C,16,Heisskanal,55243.36818667718
488,48,D,48,,64126.41731547706
489,16,B,16,,53263.01755263239
490,8,C,16,Heisskanal,56823.77239002131
491,8,,,Kaltkanal,57688.43615990477
492,4,B,4,Heisskanal,45812.578636771905
493,32,C,48,Kaltkanal,58850.540293420374
494,8,D,0,,52234.178278188636
495,48,C,48,Heisskanal,58387.582455237374
496,48,D,96,Heisskanal,68428.49701762391
497,16,B,48,Kaltkanal,53774.40114078749
498,4,C,4,Kaltkanal,44509.19298442987
499,16,C,32,Kaltkanal,53955.573716969004
500,,C,96,Heisskanal,62343.03385560073
501,4,C,0,Kaltkanal,41294.03567878025
502,8,D,8,Heisskanal,56101.96885540203
503,32,D,,Heisskanal,58904.4821804925
504,8,C,16,Kaltkanal,51373.77257476744
505,32,C,48,Heisskanal,60130.12515556178
506,8,D,0,Kaltkanal,42110.59344612138
507,4,D,0,Kaltkanal,43786.82834119469
508,8,B,32,Heisskanal,53787.912474305995
509,48,B,0,Heisskanal,54974.731325790686
510,8,C,8,Kaltkanal,47626.79128380313
511,4,C,16,Kaltkanal,51781.76577984984
512,,D,32,Kaltkanal,51649.14756872878
513,48,B,48,Heisskanal,57946.98534157322
514,8,B,32,Kaltkanal,45681.67105367092
515,16,B,48,Heisskanal,56123.9200587401
516,16,A,32,Heisskanal,51148.13508533391
517,48,B,96,Heisskanal,59473.504061040476
518,32,C,32,Kaltkanal,52851.27992945413
519,4,C,16,Heisskanal,53907.38063685699
520,8,B,0,Heisskanal,48341.127565500035
521,16,B,32,Heisskanal,54863.19997091379
522,4,B,16,Heisskanal,53512.437119896225
523,32,C,32,Kaltkanal,49000.07922040709
524,8,B,8,Kaltkanal,42066.34267530533
525,8,C,16,Kaltkanal,52394.3083693206
526,16,B,48,Kaltkanal,52999.09391312167
527,32,B,32,Heisskanal,58338.20623381589
528,,A,0,,46345.98860866972
529,8,C,16,Heisskanal,56633.43982168905
530,4,D,0,Kaltkanal,44211.05755054747
531,8,D,8,Heisskanal,59790.375145259866
532,32,C,32,Heisskanal,57479.9287126608
533,32,D,48,Kaltkanal,59575.398617855746
534,48,D,0,Heisskanal,55844.17789723996
535,4,C,16,Heisskanal,51473.02180389273
536,48,B,96,Heisskanal,61527.54600958042
537,32,,0,Heisskanal,47582.96256479923
538,16,A,48,Kaltkanal,47942.225322124395
539,8,C,0,Heisskanal,49697.05455217544
540,,D,8,Kaltkanal,45582.67709752504
541,,,32,Kaltkanal,46000.43001284984
542,16,C,48,Kaltkanal,56758.073342994125
543,16,C,32,Heisskanal,56529.63173229383
544,32,,48,Heisskanal,64818.92566563129
545,4,C,0,Heisskanal,46440.8762694191
546,16,D,16,,54450.055343553104
547,32,D,48,Kaltkanal,60655.74316723562
548,48,C,96,Heisskanal,66068.86547169284
549,32,D,32,Kaltkanal,55181.44331378069
550,48,C,0,Kaltkanal,50276.81753828992
551,16,C,0,Kaltkanal,43758.41848833589
552,32,A,48,Kaltkanal,49886.00056687853
553,8,D,32,Kaltkanal,57446.396961237
554,16,A,0,Heisskanal,49281.995231877256
555,,D,16,Kaltkanal,52440.84474319799
556,32,C,0,Kaltkanal,47802.53087700186
557,32,A,0,,50183.718911261
558,48,A,48,Kaltkanal,51246.41784213297
559,4,B,8,Kaltkanal,42314.6622340441
560,4,B,8,Kaltkanal,41301.19481397601
561,,C,8,Kaltkanal,46449.324699672885
562,32,A,48,Heisskanal,58592.803706960505
563,48,,0,Kaltkanal,50167.13308219766
564,16,B,,Heisskanal,48451.50863516654
565,4,D,0,Kaltkanal,40079.96757217581
566,16,D,48,Heisskanal,59729.46735937976
567,,D,48,Kaltkanal,57841.202995788524
568,32,C,48,Heisskanal,65284.47700565958
569,4,C,,Heisskanal,50085.625813782906
570,8,B,0,Kaltkanal,44314.77075219814
571,4,A,4,Kaltkanal,42728.078430116046
572,16,B,32,Heisskanal,54623.30239666155
573,16,C,,Kaltkanal,50536.829913084846
574,48,A,0,Kaltkanal,45900.67751633669
575,32,,48,Kaltkanal,61055.76813772703
576,48,B,96,Heisskanal,60948.645022271434
577,32,,0,Kaltkanal,47429.96590453407
578,48,D,0,,55025.102712420165
579,16,B,0,Kaltkanal,41686.358293902136
580,4,C,8,Heisskanal,51816.63180041943
581,48,A,96,Kaltkanal,52237.79138931351
582,48,B,,Heisskanal,60547.2201599973
583,48,C,96,Kaltkanal,55505.866511274835
584,16,A,0,Kaltkanal,40075.8529848923
585,8,A,,Heisskanal,51352.80898491937
586,32,B,0,Heisskanal,50805.9773800611
587,32,B,0,Kaltkanal,45215.40376099837
588,8,C,8,,49909.97397450493
589,4,D,8,Heisskanal,56018.08145731994
590,4,C,,Kaltkanal,41854.27868960025
591,48,D,96,Kaltkanal,61081.00402288325
592,16,D,48,Heisskanal,61305.80138649828
593,48,D,0,Kaltkanal,51797.36523274949
594,,C,48,Kaltkanal,57558.495369572294
595,8,B,16,Heisskanal,52482.23847239635
596,8,B,8,Heisskanal,47923.0983986886
597,4,B,4,Heisskanal,47277.480032056905
598,48,C,96,Kaltkanal,58009.56350530982
599,,C,0,Heisskanal,54481.61036751186
600,32,A,48,Heisskanal,58336.750010424475
601,32,B,48,Kaltkanal,51896.32832033954
602,8,,16,Heisskanal,48971.82818357106
603,4,D,0,Heisskanal,51424.61900556004
604,32,C,0,Kaltkanal,50244.37696561702
605,4,C,16,Kaltkanal,47692.56730441069
606,32,A,0,Heisskanal,48002.30016781362
607,8,D,8,Kaltkanal,50216.60345725021
608,8,A,8,Kaltkanal,43502.54445304413
609,8,C,32,Heisskanal,58843.008014963016
610,4,,16,Kaltkanal,47049.23120651998
611,,B,16,Kaltkanal,44068.39778242855
612,16,D,48,Kaltkanal,56158.44198557915
613,4,B,0,Kaltkanal,34606.45165424882
614,32,D,0,Kaltkanal,51903.49150081022
615,4,A,0,Kaltkanal,34646.11839525522
616,4,D,8,Kaltkanal,50006.60604853525
617,8,B,8,Heisskanal,47375.44159863843
618,48,D,48,Heisskanal,65621.86965060185
619,8,D,8,Heisskanal,51364.519318353705
620,8,A,32,Kaltkanal,47371.66739091638
621,8,C,8,Kaltkanal,46565.64539335303
622,4,C,0,Heisskanal,42865.771098444966
623,,A,,Kaltkanal,47485.90331098127
624,4,B,16,Heisskanal,55098.08302144025
625,8,A,16,Heisskanal,48584.37726098602
626,4,C,4,Kaltkanal,41689.19498743842
627,4,C,16,Heisskanal,55744.696045720746
628,8,A,8,Heisskanal,47972.219534661446
629,48,A,0,Kaltkanal,44691.73220551043
630,32,D,32,Heisskanal,60905.713597843336
631,16,B,32,Kaltkanal,51466.786760359624
632,32,A,48,Kaltkanal,52584.87307011234
633,4,,0,Heisskanal,38750.88653380201
634,32,D,48,Kaltkanal,59662.35057950186
635,8,D,,Heisskanal,51267.393364717194
636,16,C,32,Kaltkanal,50612.20633492578
637,8,A,32,Heisskanal,53752.095630361335
638,16,D,,Kaltkanal,53573.93648823553
639,32,C,32,,60397.9711374176
640,8,B,32,Kaltkanal,49860.14623104345
641,4,A,4,Kaltkanal,39233.24152395532
642,,C,48,Kaltkanal,57166.26460522406
643,8,A,8,Kaltkanal,42541.013125469035
644,16,B,16,Heisskanal,52723.04243234603
645,16,D,0,Heisskanal,58313.896509374914
646,8,A,8,Heisskanal,47153.23924726008
647,32,C,,Heisskanal,63636.46276355057
648,4,C,4,Heisskanal,48805.36238782298
649,4,A,16,Heisskanal,49168.48839818577
650,48,C,96,Heisskanal,67638.36631561499
651,48,D,0,Heisskanal,57554.882617449985
652,48,C,96,Heisskanal,65957.65509230351
653,16,A,,Heisskanal,50987.76400779334
654,8,D,8,Kaltkanal,48984.316991448024
655,16,D,16,Heisskanal,57115.37285108672
656,4,A,16,Kaltkanal,45153.15539116562
657,48,A,48,Kaltkanal,50948.396218181835
658,8,B,32,Kaltkanal,46053.37095144326
659,8,B,32,Kaltkanal,50408.319861826225
660,8,C,32,Heisskanal,54521.16588280254
661,4,A,4,Kaltkanal,37312.848724665746
662,48,B,48,Heisskanal,55825.650385334084
663,8,A,0,Kaltkanal,37363.70434223884
664,8,,8,Kaltkanal,50814.55804464193
665,8,A,32,Heisskanal,51821.39710261223
666,48,B,48,Heisskanal,55805.27546938229
667,8,C,16,Kaltkanal,45471.31083702548
668,32,B,0,,50669.148973257456
669,48,,96,Heisskanal,56706.56204723365
670,32,B,,Kaltkanal,45511.161741448544
671,16,B,32,Heisskanal,57357.746559491294
672,4,B,4,Heisskanal,47739.33981671601
673,48,A,48,Heisskanal,54030.01641376404
674,,A,32,Kaltkanal,45983.5005621987
675,32,B,0,Heisskanal,49145.79199710142
676,4,A,16,Kaltkanal,44795.801304263055
677,48,A,96,Kaltkanal,54430.29357371603
678,16,C,16,Heisskanal,55977.79070426432
679,32,C,0,Heisskanal,53507.83676181218
680,16,C,0,Kaltkanal,48101.877643861924
681,48,B,0,Kaltkanal,50453.75202777563
682,8,D,16,Heisskanal,55400.02665617794
683,16,C,32,,51438.53786569784
684,4,B,8,Kaltkanal,43619.25321410462
685,32,B,32,Heisskanal,54427.79564426553
686,48,B,96,Heisskanal,60204.425263054334
687,4,D,16,Kaltkanal,48388.03393084211
688,48,B,48,Heisskanal,56575.061331810284
689,32,B,32,Kaltkanal,53950.72517765476
690,32,C,32,Kaltkanal,54390.18022980052
691,4,D,0,,48601.65669133632
692,48,B,0,Kaltkanal,43967.33933628454
693,48,B,0,Heisskanal,53130.732080026355
694,48,C,48,Kaltkanal,53528.83308833957
695,16,B,48,Heisskanal,56301.10478993785
696,4,B,4,Heisskanal,47518.022889337015
697,32,C,32,Kaltkanal,52297.76684708781
698,8,C,32,Heisskanal,59263.499877719
699,4,B,8,Kaltkanal,45534.84576080879
700,32,C,48,Heisskanal,60814.30616058837
701,32,A,32,Kaltkanal,50041.09402392298
702,16,C,,Heisskanal,53365.00172942001
703,8,B,32,Heisskanal,53919.90431247599
704,32,C,32,,58618.325128111566
705,,A,0,Kaltkanal,46433.150039846834
706,8,B,0,Heisskanal,45691.1033014532
707,32,B,0,Kaltkanal,46821.724537060116
708,8,D,16,Heisskanal,59612.334674952246
709,32,B,32,Heisskanal,58306.37330538966
710,48,C,,Kaltkanal,54119.27614815287
711,4,C,8,Heisskanal,51896.46217592197
712,,A,32,Kaltkanal,43184.500223998366
713,48,A,0,Kaltkanal,45630.817176010576
714,8,A,8,Kaltkanal,40906.60362540102
715,32,D,32,Heisskanal,63515.98174825661
716,32,B,48,Kaltkanal,52131.45696032974
717,8,,0,Heisskanal,41338.83209872425
718,32,B,32,Kaltkanal,48744.68973122841
719,32,A,48,Heisskanal,58216.284695919596
720,48,B,48,Heisskanal,57181.667751784604
721,16,C,0,Heisskanal,49192.18783409339
722,4,C,0,Kaltkanal,37250.499734167905
723,16,C,,Kaltkanal,45490.46565465069
724,32,A,32,Heisskanal,50462.70606734153
725,48,B,96,Kaltkanal,56176.52559070758
726,8,B,0,Heisskanal,49778.86123488206
727,48,B,96,Kaltkanal,52954.590626236226
728,48,B,48,Heisskanal,57288.25511343223
729,48,B,0,Heisskanal,53662.2432931165
730,16,D,0,Heisskanal,52974.200437501095
731,8,C,32,Kaltkanal,54338.212211237915
732,4,D,16,Kaltkanal,56540.51017612066
733,4,B,0,Heisskanal,45112.39477666025
734,8,A,16,Heisskanal,49802.58177734523
735,48,D,96,,62920.107476485966
736,8,A,8,Kaltkanal,38937.388510606244
737,,A,32,Kaltkanal,46638.53997985248
738,32,D,32,Kaltkanal,53610.620578178954
739,48,A,0,Heisskanal,49770.00964696215
740,32,,32,Kaltkanal,60603.74978741685
741,,A,8,Heisskanal,48138.953752935435
742,32,A,32,Kaltkanal,44555.882553195435
743,4,C,0,Kaltkanal,42515.71762480021
744,4,B,8,Heisskanal,48021.11455501255
745,48,A,0,Heisskanal,50426.8709716175
746,8,D,16,Kaltkanal,51167.96269997829
747,48,C,48,Kaltkanal,54544.22387606445
748,4,C,4,Heisskanal,47581.287012345376
749,4,D,16,Kaltkanal,54559.37763018695
750,8,A,0,Heisskanal,45854.36823181068
751,16,B,,Heisskanal,54889.96569707618
752,,B,8,Kaltkanal,42022.541506867856
753,4,A,16,Kaltkanal,48762.97155824496
754,8,C,32,Kaltkanal,52399.74901753917
755,4,B,,Kaltkanal,39951.26211424952
756,48,A,96,Heisskanal,58112.78364555609
757,32,B,0,Kaltkanal,44186.45650795389
758,4,A,0,,34252.065796104886
759,48,C,96,Kaltkanal,54781.88477915812
760,32,B,0,Heisskanal,51934.57300644101
761,32,,,Kaltkanal,57121.27143639704
762,32,B,0,Heisskanal,54455.14142891894
763,16,A,0,Heisskanal,43731.52798348486
764,32,A,0,Heisskanal,48872.97245332654
765,48,A,,Kaltkanal,43775.94860694759
766,4,D,8,Heisskanal,58513.37178105449
767,16,A,16,Heisskanal,48089.13807882741
768,48,C,48,Heisskanal,64248.03434382048
769,32,B,48,Kaltkanal,53894.6398940667
770,4,C,16,Kaltkanal,46986.02331328025
771,32,A,32,Kaltkanal,48035.3545325355
772,4,D,0,,46611.768005992926
773,48,C,48,Heisskanal,55780.22749922758
774,8,C,0,Kaltkanal,40667.749868843835
775,48,B,96,Heisskanal,61595.66706313701
776,16,,48,Kaltkanal,56276.73558759226
777,16,D,48,Heisskanal,62255.52793429826
778,8,A,8,Kaltkanal,42045.469459518245
779,16,D,48,Kaltkanal,59563.30293820259
780,32,D,32,,57389.649118574634
781,,B,48,Heisskanal,60472.67990270637
782,48,A,0,Heisskanal,52651.86404188398
783,4,C,8,,44110.335473311614
784,4,D,0,Heisskanal,49755.265678839925
785,4,C,0,,42800.41070594207
786,16,C,48,Heisskanal,63028.26006532822
787,8,C,32,Heisskanal,55903.0286378416
788,4,A,0,Heisskanal,44398.68921512038
789,8,A,0,Kaltkanal,38564.60068635792
790,8,B,16,Heisskanal,55011.86495843685
791,,C,48,Kaltkanal,55105.20341043017
792,8,B,16,Kaltkanal,46584.91497044091
793,4,D,16,Kaltkanal,55131.12259137508
794,48,B,96,Kaltkanal,56460.4600044924
795,16,D,0,Kaltkanal,46944.03699613576
796,4,C,0,Kaltkanal,39328.126371634855
797,32,A,0,Heisskanal,49540.76196255749
798,8,D,32,Kaltkanal,52936.883077243925
799,32,C,,Kaltkanal,47877.24019247358
800,48,B,0,Kaltkanal,49389.91842513278
801,48,C,96,Heisskanal,63728.065087572875
802,8,A,32,Heisskanal,50950.075250741866
803,4,A,0,Heisskanal,43453.4642633092
804,48,C,48,Heisskanal,57849.42475029317
805,8,B,8,Kaltkanal,45090.037507255984
806,16,C,0,Heisskanal,49255.19728999009
807,16,C,16,Heisskanal,57435.27849016762
808,4,B,0,Kaltkanal,41317.18623761783
809,32,D,0,Kaltkanal,56471.18989868747
810,16,B,32,Heisskanal,52987.866960627696
811,48,A,96,,53087.24039816582
812,,A,32,Heisskanal,54130.757699407084
813,32,B,32,Kaltkanal,49376.93120034941
814,8,A,32,Kaltkanal,45075.83265219584
815,4,A,4,Heisskanal,43530.67810619179
816,48,D,96,Heisskanal,65103.01702642017
817,32,C,32,Heisskanal,55632.64738321563
818,32,B,48,Kaltkanal,52241.71912224479
819,4,A,4,Heisskanal,46165.43706906492
820,4,A,16,Kaltkanal,44266.9376217796
821,4,B,8,,40030.55434892577
822,32,C,48,Kaltkanal,57631.14410936629
823,4,B,16,Heisskanal,53641.25117389085
824,4,C,4,Heisskanal,47332.99773532333
825,16,B,48,Kaltkanal,52466.21873569701
826,48,A,0,Heisskanal,51351.606332287774
827,32,A,32,Heisskanal,54440.42571631461
828,48,C,,Heisskanal,58913.10828851953
829,32,C,0,Heisskanal,52999.551489979
830,16,C,32,Kaltkanal,50590.8964833633
831,4,A,4,Kaltkanal,35909.34048387139
832,,C,0,Kaltkanal,51292.11234396505
833,48,B,48,Heisskanal,53687.3916800297
834,48,A,0,Heisskanal,51881.108919478516
835,32,D,32,Heisskanal,59812.4424367732
836,4,C,4,Kaltkanal,45299.52751875796
837,8,B,8,Kaltkanal,44350.59735218805
838,48,C,96,,60104.04474188517
839,4,C,4,Heisskanal,48327.566010130795
840,32,C,0,Heisskanal,53292.64916711266
841,16,C,16,Kaltkanal,46985.58824359966
842,48,B,96,Kaltkanal,50742.287018378884
843,32,A,32,Kaltkanal,47438.01336898023
844,48,D,0,Kaltkanal,53849.84273359207
845,48,A,0,Heisskanal,54667.304752375334
846,8,C,16,Heisskanal,56618.79604202368
847,4,D,4,Heisskanal,52419.54638326295
848,48,C,0,Heisskanal,57546.2259717695
849,4,D,16,Heisskanal,56603.33414126285
850,8,C,0,Heisskanal,45351.34690882055
851,8,C,32,Heisskanal,61415.05740382252
852,32,A,0,Kaltkanal,43825.73537433761
853,4,A,4,Heisskanal,45166.431013435664
854,8,C,32,Heisskanal,55508.824849236975
855,4,A,0,Kaltkanal,35551.91902173228
856,16,A,48,Kaltkanal,51220.67499417505
857,32,A,48,Kaltkanal,53523.39399464759
858,32,D,0,Kaltkanal,53377.819501350925
859,,B,0,Kaltkanal,46146.2185447169
860,16,D,0,Heisskanal,57810.65241429996
861,,D,,Heisskanal,56691.71066714609
862,48,C,48,,63939.00222100449
863,32,B,32,Heisskanal,57433.7098563358
864,8,D,8,Heisskanal,55399.14446083973
865,8,B,0,Heisskanal,47814.72467834735
866,,B,0,Kaltkanal,37622.2543438701
867,48,D,0,Kaltkanal,56141.39988997516
868,,B,8,Kaltkanal,46556.99762861932
869,4,A,16,Kaltkanal,45970.86840579884
870,32,C,0,Kaltkanal,49901.962207179546
871,4,B,8,Kaltkanal,45155.78902962453
872,8,D,32,Heisskanal,59934.11049931699
873,16,A,0,Heisskanal,47156.01484001238
874,48,C,96,Heisskanal,65553.7102365033
875,8,B,8,Heisskanal,52029.085778920125
876,4,B,4,Kaltkanal,43734.36312121545
877,8,C,0,Kaltkanal,41456.208534804784
878,32,A,48,Heisskanal,55930.81379289529
879,4,A,16,Kaltkanal,43616.00545884839
880,48,A,96,Heisskanal,59863.391386229516
881,4,D,4,Heisskanal,52346.02613765313
882,8,B,8,Kaltkanal,42436.525638647625
883,48,D,0,Heisskanal,57983.48531921067
884,32,D,48,,59692.616874514315
885,4,B,16,Kaltkanal,46720.495491911905
886,32,D,48,,65537.15794925329
887,48,C,0,Heisskanal,54074.55915409948
888,32,C,48,Heisskanal,58843.50385001272
889,32,,0,Heisskanal,56314.17731116189
890,4,A,4,Heisskanal,44845.348441126145
891,16,D,48,Kaltkanal,56617.592757727085
892,4,B,16,Heisskanal,54089.38331189279
893,48,C,0,Heisskanal,55110.61548820096
894,16,B,0,Kaltkanal,43908.02902240565
895,48,A,96,Kaltkanal,56187.23208012548
896,4,D,0,Kaltkanal,47928.78845188356
897,16,C,48,Kaltkanal,50642.31733662865
898,16,D,0,Heisskanal,54012.66284858166
899,32,A,48,Heisskanal,56662.02607055407
900,48,C,96,Kaltkanal,59498.44259370711
901,48,C,48,Heisskanal,59881.539248708694
902,48,B,96,Heisskanal,61317.17814669837
903,16,B,32,Kaltkanal,44804.510464881874
904,32,D,48,Kaltkanal,62628.44862030988
905,32,A,32,Kaltkanal,45847.74525174902
906,4,,4,Kaltkanal,41937.223424912416
907,4,B,0,Heisskanal,41975.87089690538
908,16,B,48,Kaltkanal,52402.938509004394
909,32,A,0,Heisskanal,50062.15670171924
910,32,B,0,Kaltkanal,45708.7723865392
911,8,B,0,Heisskanal,44261.73697559104
912,8,A,8,Heisskanal,48105.375694305076
913,,B,8,Heisskanal,50688.12935534944
914,32,D,32,Kaltkanal,53919.43210772777
915,8,C,0,Kaltkanal,44224.664461898516
916,48,A,0,Heisskanal,49645.79173255568
917,4,D,16,Kaltkanal,50893.30254172743
918,48,B,0,Heisskanal,54647.3531572229
919,16,A,32,,45087.65318543189
920,48,C,96,Heisskanal,62012.79501959345
921,48,C,48,Heisskanal,57256.40656980963
922,16,C,0,Heisskanal,51528.32440941684
923,4,B,16,Heisskanal,49161.0910096579
924,16,D,16,Heisskanal,55864.064009182024
925,48,D,96,Heisskanal,66627.18515801072
926,16,B,32,Heisskanal,54923.192681282315
927,32,D,0,Heisskanal,59211.31821123103
928,32,C,0,Heisskanal,55962.63788120884
929,16,A,16,Kaltkanal,41900.90675101403
930,16,C,16,Heisskanal,53673.946662619914
931,8,D,8,Kaltkanal,50605.83742175215
932,4,D,0,Heisskanal,47219.851616129774
933,32,B,0,Kaltkanal,44206.58389358993
934,16,B,32,Kaltkanal,48457.833867601876
935,48,C,0,Kaltkanal,51614.34138448753
936,48,C,0,Heisskanal,54150.67930041221
937,4,C,0,Heisskanal,46624.734020425756
938,48,A,96,Kaltkanal,52110.474325329116
939,,B,32,Heisskanal,54353.135979557046
940,16,C,32,,52026.91883055672
941,,A,48,Heisskanal,54958.62307866424
942,16,C,16,Kaltkanal,46293.031472101786
943,16,C,16,Kaltkanal,48680.52520388138
944,4,C,4,Kaltkanal,43223.96817413988
945,32,A,32,Kaltkanal,49138.907701680735
946,48,A,0,Heisskanal,50347.120596079694
947,8,A,0,Heisskanal,45501.57018614516
948,32,B,32,Heisskanal,56703.14064006039
949,48,B,48,Heisskanal,55274.330389575625
950,,A,0,Kaltkanal,49581.14472314573
951,4,,,Heisskanal,52217.293585216205
952,48,D,48,Kaltkanal,55295.71343628571
953,16,C,48,Heisskanal,64059.26204537536
954,32,A,0,Kaltkanal,41078.93909981824
955,48,C,96,Kaltkanal,59991.10215034403
956,8,B,0,Kaltkanal,39717.08822931838
957,48,A,96,Kaltkanal,55433.27462763181
958,48,C,0,Kaltkanal,52507.23532787453
959,,,16,Heisskanal,50149.98668102082
960,4,A,16,Kaltkanal,44925.09139780018
961,8,C,32,Heisskanal,54150.33440823946
962,4,A,4,Heisskanal,44845.48342098409
963,4,C,8,Kaltkanal,48191.09922147637
964,48,C,48,Kaltkanal,53470.98475778634
965,32,B,0,Kaltkanal,43765.22270848618
966,32,D,0,Heisskanal,62126.22041915437
967,4,,16,Heisskanal,52390.3858254869
968,8,B,16,Kaltkanal,47167.38753179209
969,,C,4,Kaltkanal,41765.60407271857
970,48,D,48,Kaltkanal,57228.191539303065
971,48,A,48,Heisskanal,55222.180092364644
972,8,D,32,Heisskanal,58623.88367197233
973,48,D,48,Heisskanal,62691.488253611635
974,4,D,4,Heisskanal,57408.9098155582
975,48,A,96,Heisskanal,58906.10902783152
976,4,B,4,Heisskanal,46892.69144633795
977,48,C,48,Kaltkanal,55589.2979743169
978,16,B,16,Heisskanal,49364.02250736827
979,4,D,8,Heisskanal,55771.068331249844
980,48,C,0,Heisskanal,55965.47516911124
981,8,B,8,Heisskanal,50378.07705431611
982,16,A,0,Kaltkanal,43979.940057960855
983,48,A,96,Kaltkanal,52269.666235648205
984,32,C,32,Kaltkanal,50553.75799310095
985,32,,0,Kaltkanal,43179.47832377253
986,16,C,0,Heisskanal,50719.078974459044
987,8,B,0,Kaltkanal,42689.41349146057
988,4,,0,Heisskanal,48849.228659889486
989,4,C,0,Kaltkanal,41866.41035021253
990,48,A,96,Heisskanal,61326.9974034294
991,8,C,32,,48984.70944183535
992,4,B,0,Heisskanal,43459.34387914828
993,4,C,0,Heisskanal,45662.86236699394
994,32,D,48,Heisskanal,64562.49800714968
995,16,A,16,Kaltkanal,46175.87301781053
996,32,C,0,Kaltkanal,49092.02477239958
997,4,,16,Kaltkanal,56411.83474714211
998,4,D,4,Kaltkanal,44691.46855552574
999,8,B,16,Kaltkanal,48272.93259370749
